,latitude,longitude
0,39.738859999999995,-122.29385
1,39.734,-122.29448000000001
2,39.72914,-122.29508
3,39.73642,-122.29263999999999
4,39.731559999999995,-122.29321000000002
5,39.7267,-122.29382
6,39.21675,-121.30349
7,38.07219,-122.14003999999998
8,38.02345,-122.06379
9,38.00405,-121.93251000000001
10,38.02264,-122.06338000000001
11,38.00244,-121.93221000000001
12,37.884190000000004,-121.18368999999998
13,37.45374,-121.92998999999999
14,37.18351,-121.67766999999999
15,34.62276,-117.09827
16,34.62287,-117.10112
17,34.35204,-116.85043
18,33.57488,-116.1462
19,33.571509999999996,-116.14688999999998
20,33.5709,-116.14258999999998
21,39.962509999999995,-122.23122
22,39.73673,-122.29482
23,39.72902,-122.29182
24,37.658770000000004,-121.52323
25,37.657740000000004,-121.5286
26,38.63479,-122.79393
27,38.63557,-122.79626
28,39.75445,-122.28023999999999
29,39.7512,-122.28483999999999
30,39.751,-122.27863
31,34.60818,-117.33811000000001
32,33.574670000000005,-116.14743999999999
33,33.570029999999996,-116.1435
34,39.75475,-122.2804
35,37.88217,-121.18506000000001
36,37.88231,-121.18401000000001
37,34.608940000000004,-117.33643000000001
38,34.6045,-117.33546000000001
39,33.81824,-117.1109
40,36.72722,-119.74625
41,37.270559999999996,-120.6028
42,37.10512,-120.38869
43,37.101690000000005,-120.39246000000001
44,34.60906,-117.33946999999999
45,34.60618,-117.33792
46,34.09046,-117.53168000000001
47,34.09486,-117.53081999999999
48,33.56957,-116.14485
49,37.883759999999995,-121.18587
50,38.00585,-121.93476000000001
51,37.10374,-120.38926000000001
52,34.620309999999996,-117.10321
53,34.61911,-117.09877
54,34.60775,-117.33621000000001
55,32.590720000000005,-115.48753
56,34.09592,-117.53758
57,34.245020000000004,-118.45741000000001
58,35.81627,-119.2264
59,36.44575,-119.19613999999999
60,37.5499,-119.84029
61,37.54873,-119.84467
62,37.49558,-120.57236999999999
63,38.14107,-121.44993000000001
64,38.709920000000004,-121.86712
65,38.70746,-121.8689
66,39.1786,-121.64416999999999
67,39.17719,-121.64915
68,39.64958,-121.86153999999999
69,39.72977,-122.3018
70,39.73127,-122.29666999999999
71,39.73689,-122.29921999999999
72,39.7339,-122.30949
73,39.73539,-122.30436
74,39.96412,-122.22991
75,39.96267,-122.23501
76,39.96471,-122.22758
77,39.963229999999996,-122.23263
78,39.96176,-122.23771
79,40.15032,-122.14803
80,40.38147,-122.19453
81,37.5478,-119.83915
82,37.54675,-119.84182
83,37.58866,-120.65808999999999
84,39.17928,-121.64698
85,39.6514,-121.86108
86,39.648759999999996,-121.85905
87,39.965270000000004,-122.23002
88,39.9655,-122.22583999999999
89,40.14882,-122.14555
90,40.14857,-122.14978
91,40.15297,-122.14778000000001
92,40.150009999999995,-122.14487
93,39.739329999999995,-122.29876999999999
94,39.73603,-122.29971
95,39.72867,-122.29705
96,37.707240000000006,-118.90375
97,37.703559999999996,-118.90522
98,38.16137,-122.56651000000001
99,38.0704,-122.14008999999999
100,37.88098,-121.18393999999999
101,38.00266,-121.93498000000001
102,38.03046,-122.09631
103,38.00195,-121.93256000000001
104,37.94939,-122.39986999999999
105,37.756159999999994,-121.66108999999999
106,37.540929999999996,-120.73146000000001
107,37.455020000000005,-121.9317
108,37.45604,-121.9334
109,37.1853,-121.6799
110,36.668859999999995,-119.62141000000001
111,36.48062,-119.22858000000001
112,34.62194,-117.10179
113,34.60651,-117.33795
114,34.35285,-116.85193000000001
115,35.05465,-118.88977
116,35.10245,-119.44865
117,37.412279999999996,-120.50066000000001
118,38.0531,-120.76381
119,38.17685,-121.33076000000001
120,38.88196,-121.35673
121,38.71477,-121.86323
122,40.1527,-122.15144
123,32.46318,-116.74915
124,33.191759999999995,-115.4926
125,33.299009999999996,-115.5409
126,34.093340000000005,-117.52995
127,35.05336,-118.88756000000001
128,35.91721,-119.08379
129,35.92181,-119.0843
130,38.17649,-121.32551000000001
131,38.17603,-121.33028999999999
132,38.70942,-121.86681000000002
133,39.008309999999994,-122.16957
134,39.10134,-122.18156
135,39.64803,-121.8594
136,39.95745,-121.05582
137,39.957,-121.06114
138,39.96632,-122.22502
139,39.96587,-122.22968999999999
140,40.150940000000006,-122.14809
141,40.14959,-122.14668999999999
142,40.15222,-122.14686
143,38.62103,-123.30186
144,38.15878,-121.42822
145,38.301190000000005,-122.74925
146,37.70919,-118.90543999999998
147,37.705220000000004,-118.90196999999999
148,38.159440000000004,-122.56343999999999
149,38.07148,-122.14061000000001
150,38.004709999999996,-121.93338999999999
151,38.01455,-122.11328999999999
152,37.94376,-122.39371000000001
153,37.75497,-121.65887
154,37.3165,-122.09045
155,37.183209999999995,-121.68172
156,34.62271,-117.10112
157,34.607890000000005,-117.33769
158,34.35366,-116.85136999999999
159,34.47947,-118.89214
160,34.14307,-117.42528999999999
161,34.334109999999995,-118.51758999999998
162,34.31916,-118.5122
163,34.09217,-117.52806000000001
164,33.572379999999995,-116.14355
165,33.79467,-117.47433000000001
166,32.6433,-114.85906999999999
167,33.3349,-117.37794
168,33.33931,-117.37308999999999
169,33.33866,-117.37851
170,33.343059999999994,-117.37371
171,33.33489,-117.37501
172,33.33865,-117.3756
173,33.34303,-117.37082
174,36.82139,-118.95621000000001
175,36.89029,-119.89842
176,37.71888,-119.66153999999999
177,39.20532,-121.13355
178,39.648990000000005,-121.85552
179,39.73125,-122.30237
180,39.73523,-122.29852
181,39.7346,-122.30315
182,39.73794,-122.30393000000001
183,39.73858,-122.29928999999998
184,39.7373,-122.30856000000001
185,39.741929999999996,-122.30009
186,39.74129,-122.3047
187,39.89379,-122.15656000000001
188,39.96177,-122.22346
189,39.96512,-122.22424
190,40.15323,-122.14452
191,40.14656,-123.26318
192,41.64593,-121.83649
193,41.64529,-121.84151000000001
194,41.64464,-121.84653999999999
195,41.649370000000005,-121.83726000000001
196,41.648720000000004,-121.84228999999999
197,41.648070000000004,-121.84731000000001
198,41.64743,-121.85233000000001
199,41.65279,-121.83803999999999
200,40.15189,-122.14336000000002
201,39.73686,-122.30492
202,39.67055,-122.10535
203,38.07197,-122.14017
204,38.016020000000005,-122.11273
205,37.7034,-120.97108
206,37.45395,-121.93361999999999
207,35.85268,-119.22813000000001
208,34.62304,-117.10096999999999
209,34.61971,-117.10173999999999
210,34.6084,-117.33606999999999
211,34.352920000000005,-116.85106999999999
212,34.33501,-118.51933000000001
213,34.14305,-117.42873999999999
214,34.09153,-117.52871999999999
215,33.57185,-116.1452
216,32.674659999999996,-115.31358
217,32.67399,-115.30946000000002
218,32.50046,-116.32038999999999
219,32.49718,-116.32111
220,32.64193,-114.86726000000002
221,33.43716,-117.40155
222,33.815059999999995,-117.45617
223,33.81442,-117.4603
224,34.09556,-117.52962
225,34.09492,-117.53378000000001
226,37.86745,-119.87073999999998
227,38.34345,-119.8139
228,38.01883,-121.98666000000001
229,38.01791,-121.99171000000001
230,38.81212,-120.98738999999999
231,39.09518,-120.72977
232,39.09851,-120.73064
233,39.722809999999996,-122.27148000000001
234,38.281240000000004,-120.52631000000001
235,38.00266,-121.93467
236,37.95097,-122.39804
237,37.88227,-121.18581
238,37.84158,-121.04744
239,34.61993,-117.10043
240,34.60925,-117.33801000000001
241,37.453359999999996,-121.93256000000001
242,37.45267,-121.93166000000001
243,37.31712,-122.09123000000001
244,32.66871,-114.92968
245,33.458709999999996,-117.41253999999999
246,34.09352,-117.52936000000001
247,35.34983,-118.85623000000001
248,35.35371,-118.85739
249,35.35195,-118.85883999999999
250,35.35583,-118.85999
251,35.6556,-119.29033999999999
252,35.654740000000004,-119.29453999999998
253,35.845009999999995,-120.2959
254,36.77,-120.34087
255,36.97356,-121.07654
256,36.97668,-121.07529
257,36.975590000000004,-121.08015
258,37.60099,-121.31273999999999
259,37.82823,-121.36678
260,38.25359,-121.38467
261,38.21805,-122.11396
262,38.21685,-122.11928
263,38.7483,-121.38915
264,39.309090000000005,-121.63986000000001
265,39.594440000000006,-121.83093000000001
266,39.59336,-121.83581000000001
267,39.59435,-121.82776000000001
268,38.07125,-122.13873000000001
269,37.659909999999996,-121.02511000000001
270,37.65976,-121.01751000000002
271,37.65863,-121.0218
272,37.2825,-121.09483
273,37.27571,-121.09508999999998
274,35.3597,-118.99916
275,34.33644,-118.51981
276,40.73447,-122.32297
277,38.07247,-122.14007
278,38.00585,-121.93623000000001
279,38.00282,-121.93404
280,38.01531,-122.11123
281,37.28262,-121.09733999999999
282,37.27803,-121.09921000000001
283,34.62148,-117.0987
284,34.6055,-117.3381
285,34.33307,-118.51778
286,34.3348,-118.51833
287,32.45134,-116.9585
288,33.982079999999996,-117.39268
289,33.98057,-117.39916000000001
290,33.9853,-117.40083
291,33.98415,-117.39545
292,35.00975,-117.54898999999999
293,35.00685,-117.56128999999999
294,35.0083,-117.55515
295,35.01297,-117.55671000000001
296,35.31035,-119.93158999999999
297,35.62039,-119.39062
298,36.16957,-119.04032
299,36.170390000000005,-119.27526999999999
300,36.40146,-119.1953
301,37.55095,-120.89283
302,37.55308,-120.89381000000002
303,37.83238,-121.36634
304,38.57505,-121.40953999999999
305,39.15736,-121.56421999999999
306,39.15627,-121.56837
307,42.167809999999996,-120.80703999999999
308,42.16879,-120.80685
309,33.731359999999995,-117.39795
310,33.73578,-117.40082
311,36.59673,-119.28823
312,36.59652,-119.29476000000001
313,36.62571,-120.52325
314,38.64074,-122.44542
315,38.64052,-122.44998000000001
316,38.93264,-122.2539
317,38.93238,-122.25901999999999
318,38.92889,-122.25581000000001
319,38.93457,-122.25577
320,39.15,-121.56403
321,39.15611,-121.55901000000001
322,39.155879999999996,-121.56435
323,39.15371,-121.5627
324,39.1539,-121.55734
325,39.15351,-121.56804
326,41.39435,-120.61008000000001
327,42.025220000000004,-120.04688
328,42.02576,-120.04823
329,34.60569,-117.34052
330,32.64692,-114.86438999999999
331,32.64663,-114.85898
332,42.18463,-120.79565
333,42.18362,-120.79033999999999
334,42.18119,-120.7968
335,42.178779999999996,-120.80336000000001
336,42.17775,-120.79796
337,42.17535,-120.80458999999999
338,42.17431,-120.79915
339,42.17192,-120.80582
340,42.17088,-120.80035
341,42.1685,-120.80703999999999
342,42.16745,-120.80157
343,42.16507,-120.80826
344,42.16401,-120.80277
345,42.16059,-120.804
346,42.16425,-120.80403999999999
347,42.16082,-120.80525
348,39.257709999999996,-121.82661
349,39.25675,-121.8215
350,39.2552,-121.83283999999999
351,39.25425,-121.82777
352,39.2533,-121.82267
353,38.926759999999994,-122.2487
354,38.92269,-122.26572
355,38.918040000000005,-122.26333999999999
356,38.91457,-122.2642
357,38.91366,-122.25918999999999
358,38.91111,-122.26506
359,38.91019,-122.26005
360,38.90766,-122.26603999999999
361,38.90675,-122.26102
362,38.90582,-122.256
363,38.90147,-122.25205
364,38.89557,-122.2595
365,38.89313,-122.26598
366,38.891220000000004,-122.25556
367,38.889720000000004,-122.26714
368,38.88876,-122.26194
369,38.88782,-122.25684
370,38.88443,-122.25815
371,38.88537,-122.26325
372,38.88348,-122.25301
373,38.88105,-122.25953
374,38.88009,-122.25428000000001
375,38.159079999999996,-122.56544
376,37.88415,-121.18248999999999
377,38.0038,-121.93372
378,38.01535,-122.11057
379,38.01335,-122.11272
380,37.949529999999996,-122.40032
381,37.75806,-121.64251999999999
382,37.75911,-121.6479
383,37.573190000000004,-120.98013
384,37.5731,-120.98205
385,36.8507,-120.18824
386,36.16933,-119.27513
387,35.25078,-119.11469
388,35.24658,-119.11608000000001
389,34.62088,-117.10116000000001
390,34.605109999999996,-117.3346
391,34.42903,-118.64268
392,34.33521,-118.52112
393,34.15361,-118.19294
394,32.645759999999996,-114.8634
395,32.64454,-114.85878000000001
396,34.4241,-118.59135
397,34.430240000000005,-118.59442
398,34.430240000000005,-118.58967
399,34.42837,-118.59598999999999
400,35.53732,-115.45512
401,35.55638,-115.47088000000001
402,35.55535,-115.47478000000001
403,35.575540000000004,-115.48633000000001
404,37.76278,-120.93196999999999
405,38.88214,-122.25323
406,38.927890000000005,-122.25141
407,42.1782,-120.79919
408,42.1768,-120.80382
409,32.51914,-116.9164
410,37.75912,-120.93288000000001
411,38.87738,-122.24436000000001
412,38.8763,-122.257
413,38.87686,-122.25046999999999
414,38.881240000000005,-122.25076999999999
415,38.88069,-122.25726999999999
416,42.17794,-120.80684
417,42.177279999999996,-120.80226
418,39.13216,-121.55421000000001
419,38.30102,-122.74955
420,36.7022,-119.89021000000001
421,36.22806,-118.31347
422,36.22719,-118.30878999999999
423,36.22468,-118.31483999999999
424,36.22382,-118.31018999999999
425,36.221309999999995,-118.31624
426,36.220459999999996,-118.31164
427,35.24823,-119.11622
428,34.62104,-117.10328
429,34.61999,-117.09792
430,34.60798,-117.33424
431,34.42848,-118.64341999999999
432,34.33639,-118.52
433,34.33287,-118.52093
434,34.31954,-118.50893
435,34.09401,-117.53088000000001
436,34.2433,-118.38023999999999
437,34.15475,-118.19356
438,34.04176,-117.82269
439,34.02401,-118.02348
440,34.035790000000006,-118.10526999999999
441,33.79282,-117.47321000000001
442,33.85239,-118.33285
443,33.82012,-118.24207
444,33.71383,-117.71059
445,33.77779,-118.23783999999999
446,33.775859999999994,-118.22783000000001
447,33.79176,-118.34982
448,33.61466,-117.82235
449,32.56118,-116.61765
450,32.59967,-117.01122
451,32.47515,-116.5825
452,32.474070000000005,-116.58553
453,33.2952,-116.98663
454,33.29595,-116.98516000000001
455,33.29549,-116.98992
456,33.30018,-116.98534
457,35.35669,-118.97878
458,36.22039,-118.3049
459,36.2199,-118.30962
460,36.219429999999996,-118.31415
461,36.22404,-118.30915
462,36.22357,-118.31366000000001
463,36.22452,-118.30456000000001
464,36.22818,-118.30878
465,36.22772,-118.31318999999999
466,36.78451,-118.6532
467,36.78382,-118.65996000000001
468,39.719570000000004,-122.27678
469,39.723079999999996,-122.27752
470,37.8826,-121.18361000000002
471,37.94291,-122.39334
472,37.45414,-121.93441000000001
473,37.184490000000004,-121.67971000000001
474,36.78566,-118.62581000000002
475,36.78503,-118.62125
476,36.78226,-118.62637
477,36.618520000000004,-120.57013
478,36.22813,-118.30775
479,36.22749,-118.30331000000001
480,36.224759999999996,-118.30832
481,36.22413,-118.30391999999999
482,36.2254,-118.31271000000001
483,36.2235,-118.29948
484,36.22139,-118.30883999999999
485,36.22077,-118.30447
486,36.22013,-118.30006000000002
487,36.22202,-118.31322
488,36.21802,-118.30931000000001
489,36.21739,-118.30493999999999
490,36.21865,-118.31374
491,36.216770000000004,-118.30057
492,36.08081,-119.15144
493,36.077909999999996,-119.15021999999999
494,35.54438,-119.272
495,34.62258,-117.0993
496,34.43018,-118.64453999999999
497,34.33444,-118.5177
498,34.31989,-118.51212
499,34.24227,-118.38091000000001
500,34.09292,-117.52869
501,34.15387,-118.19436999999999
502,34.10546,-118.48037
503,34.03582,-118.10623999999999
504,33.853120000000004,-118.33285
505,33.81493,-118.23775
506,33.7778,-118.23553000000001
507,33.79144,-118.34868999999999
508,33.6124,-117.82233000000001
509,32.64612,-114.79223
510,32.59815,-117.01057
511,32.45701,-116.77956
512,32.45748,-116.77898
513,32.46029,-116.78376000000002
514,32.46484,-116.77581
515,32.46367,-116.78432
516,32.45389,-116.93059
517,32.50335,-116.82307
518,36.21451,-118.29861000000001
519,36.21387,-118.30309
520,36.21787,-118.29913
521,36.217240000000004,-118.30357
522,36.216609999999996,-118.30803
523,36.2206,-118.30408999999999
524,36.21934,-118.31295
525,36.21997,-118.30852
526,36.7823,-118.6284
527,36.78626,-118.62462
528,36.78438,-118.63783000000001
529,36.82342,-118.95504
530,39.718109999999996,-121.92768999999998
531,36.22532,-118.30753999999999
532,36.2174,-118.31098999999999
533,34.60785,-117.3392
534,34.42968,-118.64627
535,34.3344,-118.52207
536,34.33398,-118.51808
537,34.321020000000004,-118.51177
538,34.29054,-118.80128
539,34.09467,-117.53275
540,34.09403,-117.52712
541,34.15247,-118.19717
542,34.153259999999996,-118.19116000000001
543,34.04002,-117.82373999999999
544,34.035740000000004,-118.10783
545,34.02267,-118.02433
546,34.023340000000005,-118.02457
547,33.85229,-118.33178999999998
548,33.7761,-118.22691
549,33.61149,-117.82327
550,32.653240000000004,-114.78877
551,32.62027,-115.54862
552,32.59816,-117.0138
553,32.49957,-116.79072
554,32.43614,-117.03713
555,33.3866,-117.39461999999999
556,34.33522,-118.52176999999999
557,34.38035,-118.52171000000001
558,35.0871,-120.53313999999999
559,35.67075,-120.38636000000001
560,35.67199,-120.38023999999999
561,35.66825,-120.39858000000001
562,35.66949,-120.39251000000002
563,35.67587,-120.38125
564,35.67706,-120.3754
565,35.674620000000004,-120.38736999999999
566,35.67337,-120.3935
567,35.68092,-120.37643
568,35.67848,-120.38842
569,35.67722,-120.3946
570,36.21386,-118.30004
571,36.21304,-118.30452
572,36.21727,-118.30141
573,36.216429999999995,-118.30601000000001
574,36.215579999999996,-118.31062
575,36.214690000000004,-118.31553999999998
576,36.22152,-118.29813
577,36.220659999999995,-118.30288
578,36.21982,-118.30748
579,36.21898,-118.3121
580,36.22408,-118.30421000000001
581,36.22238,-118.31356000000001
582,36.2275,-118.30552
583,36.78513,-118.64555
584,37.51566,-120.41382
585,37.51494,-120.41566999999999
586,39.018609999999995,-121.60243
587,39.01812,-121.82345
588,39.50483,-122.00205
589,39.50359,-122.00335
590,39.50743,-122.00468000000001
591,39.68108,-122.19013000000001
592,39.97858,-121.05121000000001
593,39.90475,-122.02405
594,40.13534,-122.17501000000001
595,40.13462,-122.17645
596,38.06922,-122.14098
597,38.022079999999995,-122.11518999999998
598,38.015440000000005,-122.11533
599,36.593990000000005,-119.82847
600,36.226009999999995,-118.30424
601,36.2263,-118.30855
602,36.22571,-118.29963000000001
603,36.22027,-118.29858999999999
604,36.21577,-118.31221000000001
605,36.2155,-118.30798
606,36.21027,-118.31018999999999
607,34.6064,-117.33803999999999
608,34.60652,-117.33861
609,34.09305,-117.52877
610,34.08101,-117.50268
611,34.09329,-117.52843
612,34.08109,-117.5024
613,38.02173,-122.11703
614,38.01709,-122.11896999999999
615,38.01545,-122.11242
616,38.02132,-122.11166000000001
617,38.01667,-122.11358999999999
618,37.6007,-120.50912
619,37.595620000000004,-120.51128
620,36.23109,-118.30898
621,36.22957,-118.30376000000001
622,36.22567,-118.31295
623,36.22426,-118.30814
624,36.2181,-118.30956
625,36.216609999999996,-118.30445
626,36.21184,-118.31063999999999
627,36.21304,-118.31475
628,36.23122,-118.30912
629,36.22971,-118.30383
630,36.22576,-118.31303
631,36.22438,-118.30818000000001
632,36.22295,-118.30311999999999
633,36.21822,-118.30962
634,36.21675,-118.30447
635,36.21196,-118.31073
636,36.590090000000004,-119.82555
637,34.605059999999995,-117.33888999999999
638,34.60791,-117.33671000000001
639,34.09666,-117.53126999999999
640,34.09255,-117.53208000000001
641,32.7723,-114.96338
642,32.77149,-114.96745
643,32.77066,-114.97152
644,32.77541,-114.96853999999999
645,32.77706,-114.96043999999999
646,32.77624,-114.9645
647,32.77459,-114.97263999999998
648,32.78017,-114.96558999999999
649,32.77935,-114.96963999999998
650,32.78201,-114.9565
651,32.78099,-114.96153999999999
652,32.778529999999996,-114.97368999999999
653,32.78492,-114.96262
654,32.78717,-114.9515
655,32.78595,-114.95756999999999
656,32.78411,-114.9667
657,32.78329,-114.97073999999999
658,32.78988,-114.95866000000001
659,32.79353,-114.94053000000001
660,32.7923,-114.94663
661,32.7911,-114.95263
662,32.78886,-114.96368999999999
663,32.78805,-114.96775
664,32.79623,-114.94774
665,32.79501,-114.95378999999998
666,32.793820000000004,-114.95975
667,32.79746,-114.94165
668,32.7928,-114.96478
669,32.802609999999994,-114.93668000000001
670,32.801390000000005,-114.94273999999999
671,32.80017,-114.94881000000001
672,32.79894,-114.95487
673,32.797740000000005,-114.96088
674,32.80531,-114.94383
675,32.80653,-114.93781000000001
676,32.8041,-114.94986000000002
677,32.80925,-114.9449
678,32.81045,-114.9389
679,32.808040000000005,-114.95095
680,32.814370000000004,-114.94003000000001
681,32.813179999999996,-114.94598
682,32.81196,-114.95204
683,32.51358,-116.7771
684,32.571909999999995,-116.57203999999999
685,33.32748,-117.40191000000002
686,33.32898,-117.3999
687,33.33337,-117.40146000000001
688,33.34326,-117.39952
689,33.7421,-117.01093
690,34.00352,-117.34163000000001
691,34.09474,-117.39148999999999
692,36.21312,-118.30651
693,36.211999999999996,-118.31154
694,36.21606,-118.3059
695,36.215,-118.31055
696,36.22639,-118.30157
697,36.23061,-118.30356
698,36.22935,-118.30906999999999
699,36.176559999999995,-119.10184
700,36.48664,-119.23753
701,36.49253,-119.23325
702,36.491170000000004,-119.23912
703,36.36657,-119.80868000000001
704,36.417559999999995,-119.78608999999999
705,36.41698,-119.78753
706,36.82292,-118.95428000000001
707,37.52916,-120.72475
708,37.52753,-120.73151000000001
709,37.52623,-120.72495
710,37.52932,-120.7335
711,37.63726,-121.77667
712,38.986940000000004,-121.94747
713,38.98603,-121.95109
714,39.50479,-122.00393999999999
715,39.720040000000004,-121.93234
716,39.83318,-122.05108
717,40.12233,-122.04838000000001
718,40.13749,-122.07145
719,40.14715,-122.07481999999999
720,40.138020000000004,-122.17343999999999
721,36.21696,-118.3095
722,36.224270000000004,-118.31159
723,36.23166,-118.30816999999999
724,36.22379,-118.31353999999999
725,36.231159999999996,-118.30951999999999
726,36.48973,-119.24428999999999
727,37.73523,-121.89027
728,36.22736,-118.31278
729,36.22718,-118.3045
730,36.21353,-118.30871
731,36.22702,-118.31052
732,36.22679,-118.30198999999999
733,36.21317,-118.30689
734,35.52391,-119.23705
735,34.36251,-116.85802
736,39.50397,-122.00719
737,38.00528,-121.93393
738,37.586929999999995,-120.50906
739,36.2292,-118.31218
740,36.22775,-118.30625
741,36.21785,-118.30713999999999
742,36.22915,-118.31245
743,36.22773,-118.30653000000001
744,36.21784,-118.30748
745,36.2137,-118.31133
746,36.21229,-118.30542
747,36.45288,-119.76006000000001
748,36.45394,-119.76078000000001
749,36.08505,-120.06703
750,36.08526,-120.06825
751,35.52126,-119.23737
752,34.62285,-117.09908
753,34.60583,-117.33761000000001
754,34.354079999999996,-116.85223
755,32.48104,-116.70997
756,32.47977,-116.71491
757,32.48115,-116.71381000000001
758,35.60503,-119.31251999999999
759,39.1754,-121.6468
760,39.19185,-121.6821
761,39.190059999999995,-121.68807
762,39.50352,-121.99923000000001
763,39.7164,-121.93031
764,39.714690000000004,-121.93184
765,39.72058,-121.93472
766,39.82788,-122.05018000000001
767,40.13619,-122.17598000000001
768,40.13454,-122.17731
769,32.443020000000004,-116.94735
770,32.4427,-116.95297
771,32.480709999999995,-116.7109
772,32.48101,-116.70553000000001
773,32.44406,-116.94873999999999
774,32.44376,-116.95453
775,32.48033,-116.71198000000001
776,32.4806,-116.7066
777,32.48692,-116.70302
778,32.48665,-116.70831000000001
779,32.4864,-116.71326
780,32.49302,-116.70376999999999
781,32.49276,-116.70886000000002
782,32.49252,-116.71367
783,32.63194,-114.90113000000001
784,32.63166,-114.90811000000001
785,34.09406,-117.52805
786,35.67705,-119.29016999999999
787,35.68696,-119.30801000000001
788,36.22872,-118.30888
789,36.22846,-118.31388999999999
790,36.22911,-118.31192
791,36.22934,-118.30688
792,36.22889,-118.31643999999999
793,36.65746,-119.8679
794,38.28492,-120.30378
795,38.365390000000005,-121.97693999999998
796,39.19352,-121.68356000000001
797,39.19488,-121.68281999999999
798,39.19442,-121.68987
799,39.50466,-122.00171999999999
800,39.7183,-121.93361999999999
801,40.135529999999996,-122.17412
802,40.15194,-122.14811999999999
803,38.83812,-121.33923999999999
804,38.2851,-120.29866000000001
805,38.282540000000004,-120.30412
806,37.88411,-121.181
807,38.03218,-122.0968
808,38.00546,-121.93151
809,38.014559999999996,-122.10869
810,37.5916,-120.51138999999999
811,37.75608,-121.65706000000002
812,37.39188,-120.49991999999999
813,36.227740000000004,-118.30898
814,36.21257,-118.31106000000001
815,35.12168,-118.36736
816,34.62041,-117.10139
817,34.60658,-117.33826
818,34.355309999999996,-116.85148999999998
819,34.43173,-118.64447
820,36.21094,-118.31548000000001
821,36.21532,-118.32616000000002
822,36.21291,-118.32321999999999
823,32.444309999999994,-116.94991
824,32.444309999999994,-116.9524
825,32.50015,-116.84331999999999
826,33.97283,-117.08997
827,33.97234,-117.09563999999999
828,34.09469,-117.52911
829,34.091640000000005,-117.53084
830,35.35995,-118.97934
831,35.64685,-119.27873000000001
832,36.21373,-118.31282
833,36.21828,-118.31168999999998
834,36.159859999999995,-119.07948
835,36.26727,-119.15628000000001
836,36.27147,-119.15688
837,36.431740000000005,-119.72846000000001
838,38.21178,-121.98861000000001
839,38.88002,-121.96956000000002
840,38.94287,-121.55978
841,38.97425,-121.48478999999999
842,39.02562,-122.10538000000001
843,39.02498,-122.11116000000001
844,39.02936,-122.10606000000001
845,39.02872,-122.11183
846,39.30969,-121.99486999999999
847,39.30877,-121.99708999999999
848,39.50391,-122.00296999999999
849,39.50768,-122.00365
850,39.72831,-122.28958
851,40.42593,-120.81316000000001
852,39.50651,-122.00613
853,39.02791,-122.10896000000001
854,39.0242,-122.10967
855,38.0036,-121.93401000000001
856,37.884029999999996,-121.18523
857,37.80024,-120.92766999999999
858,36.21743,-118.31218
859,36.218090000000004,-118.31641
860,36.21415,-118.31296999999999
861,35.64373,-119.2776
862,34.620309999999996,-117.101
863,34.60635,-117.33441
864,34.35243,-116.85385
865,34.42989,-118.64459
866,34.33501,-118.51881000000002
867,34.40057,-118.99813999999999
868,34.31985,-118.50941
869,34.1414,-117.42823
870,34.244440000000004,-118.38046000000001
871,34.241609999999994,-118.37921000000001
872,34.29204,-118.80196000000001
873,34.33465,-118.51847
874,36.22031,-118.31573
875,36.58535,-119.30218
876,38.06947,-122.13886000000001
877,38.01437,-122.11366000000001
878,37.8811,-121.1842
879,36.58522,-119.30438999999998
880,34.62187,-117.10162
881,34.609429999999996,-117.33726000000001
882,34.6059,-117.33797
883,34.354459999999996,-116.85335
884,32.596579999999996,-115.32484
885,32.5417,-116.67878
886,34.00589,-114.40075
887,34.00528,-114.40501
888,35.97121,-121.30475
889,35.97012,-121.31042
890,35.971059999999994,-121.30708
891,35.96994,-121.31275
892,35.974790000000006,-121.30807
893,35.97367,-121.3137
894,36.8888,-119.89986999999999
895,36.88962,-119.89803
896,37.38588,-120.45518
897,37.39031,-120.45119
898,37.38939,-120.45618999999999
899,38.36353,-122.50769
900,38.36201,-122.50913999999999
901,38.36575,-122.51036
902,38.93475,-121.83073
903,38.93371,-121.83617
904,38.93835,-121.83187
905,38.941959999999995,-121.83301000000002
906,38.93365,-121.83278999999999
907,38.938309999999994,-121.82848
908,38.93725,-121.83391
909,38.94191,-121.82964
910,38.94085,-121.83503999999999
911,38.94446,-121.83617
912,38.98428,-122.04621999999999
913,39.7217,-121.93351000000001
914,39.72932,-122.29015
915,39.732479999999995,-122.28653
916,42.00314,-121.68348999999999
917,41.86395,-122.72788
918,41.85756,-122.73168000000001
919,41.85743,-122.72451000000001
920,40.08045,-123.07271999999999
921,40.08028,-123.06458
922,40.07343,-123.04721
923,40.08072,-123.07132
924,40.08051,-123.06308
925,40.073570000000004,-123.04583000000001
926,38.07135,-122.14078
927,38.07209,-122.13951999999999
928,36.2195,-118.3133
929,34.62097,-117.10162
930,34.61012,-117.33771000000002
931,34.60561,-117.33847
932,34.60974,-117.33813
933,34.333290000000005,-118.51978999999999
934,34.142559999999996,-117.42662
935,41.860240000000005,-122.72485
936,40.081379999999996,-123.06503000000001
937,40.07973,-123.0584
938,40.0829,-123.07118
939,40.07662,-123.06618
940,40.07495,-123.05946000000002
941,40.07815,-123.0723
942,40.07029,-123.04066
943,38.0161,-122.11238999999999
944,37.45442,-121.93262
945,34.6197,-117.10188000000001
946,34.60781,-117.33553
947,34.60456,-117.33813
948,33.81579,-117.11209
949,34.09287,-117.5306
950,34.096,-117.53611000000001
951,34.91782,-118.37413000000001
952,34.925740000000005,-120.4733
953,34.92435,-120.4793
954,34.93035,-120.47488999999999
955,34.926190000000005,-120.49293
956,34.932190000000006,-120.48848999999998
957,34.92416,-120.48588000000001
958,34.92558,-120.47989
959,34.92876,-120.48747
960,35.52694,-119.25088999999998
961,36.06358,-118.18286
962,36.06276,-118.18675
963,35.84531,-120.29562
964,35.844,-120.30135
965,36.57359,-119.77863
966,36.704679999999996,-119.60665
967,36.70355,-119.61168
968,36.72849,-119.74581
969,36.81577,-119.74566999999999
970,37.2257,-120.34148
971,37.65459,-121.54556000000001
972,37.65316,-121.55158999999999
973,38.18503,-120.66893999999999
974,38.22725,-121.46828000000001
975,38.23173,-121.46996000000001
976,38.230340000000005,-121.47587
977,38.44392,-121.06142
978,38.71958,-123.00825
979,39.71836,-121.92997
980,39.72278,-121.93168999999999
981,39.818870000000004,-121.93368999999998
982,39.82027,-121.92785
983,40.07528,-123.06423000000001
984,40.0801,-123.06531000000001
985,40.07828,-123.07275
986,40.08477,-123.06700000000001
987,40.07502,-123.06558000000001
988,40.07985,-123.06669
989,40.08455,-123.06823999999999
990,37.6683,-121.55548
991,39.71723,-121.93045
992,39.724990000000005,-121.87626999999999
993,39.72401,-121.93054
994,39.71887,-121.93128
995,39.71955,-121.87698
996,39.82058,-121.93276999999999
997,39.821659999999994,-121.93105
998,40.06751,-123.03822
999,40.07352,-123.05611
1000,40.07987,-123.05953000000001
1001,40.07971,-123.06596
1002,40.079570000000004,-123.07182
1003,40.08612,-123.06686
1004,40.06816,-123.03928
1005,40.07425,-123.05811000000001
1006,40.07439,-123.05067
1007,40.08063,-123.06126
1008,40.0805,-123.06738
1009,40.08038,-123.07348999999999
1010,37.07537,-120.39887
1011,37.0683,-120.39917
1012,37.07182,-120.39408
1013,36.218579999999996,-118.31381999999999
1014,36.21668,-118.31063999999999
1015,36.06327,-118.18987
1016,34.61058,-117.3371
1017,34.60464,-117.33795
1018,34.60774,-117.33887
1019,34.33175,-118.52232
1020,34.33603,-118.52106
1021,34.092,-117.53294
1022,34.09173,-117.52765
1023,34.090270000000004,-117.53278
1024,32.510059999999996,-116.76902
1025,32.480979999999995,-116.79727
1026,40.081559999999996,-123.06793
1027,40.07782,-123.06888000000001
1028,40.07667,-123.06326000000001
1029,40.07541,-123.05715
1030,40.0719,-123.04002
1031,40.06823,-123.04135
1032,40.06842,-123.04273
1033,39.72193,-121.92759
1034,39.71993,-121.92825
1035,37.88193,-121.18645
1036,37.454190000000004,-121.93398
1037,37.07104,-120.39782
1038,36.22125,-118.31313
1039,36.22034,-118.30958999999999
1040,35.121320000000004,-118.36603000000001
1041,34.6232,-117.10051999999999
1042,34.60776,-117.3375
1043,34.604859999999995,-117.33536000000001
1044,34.35244,-116.85231
1045,34.09628,-117.52937
1046,34.090720000000005,-117.53133999999999
1047,34.095459999999996,-117.53101000000001
1048,34.09422,-117.52637
1049,34.334759999999996,-118.52043
1050,32.50747,-116.77128
1051,32.49989,-116.79143
1052,34.09468,-117.53407
1053,34.09369,-117.53799
1054,36.21901,-118.31183999999999
1055,36.218070000000004,-118.31557
1056,36.05632,-118.97157
1057,36.055209999999995,-118.97586000000001
1058,36.21709,-118.31543
1059,36.05648,-118.97158
1060,36.05536,-118.97585
1061,35.9854,-121.29725
1062,35.98608,-121.29388
1063,35.9845,-121.29938
1064,35.99062,-121.30113999999999
1065,37.783570000000005,-118.96413000000001
1066,38.43745,-121.06676000000002
1067,38.44297,-121.06906000000001
1068,38.686609999999995,-121.73185
1069,38.837790000000005,-121.3525
1070,39.72023,-121.92748
1071,39.71882,-121.93253
1072,39.71935,-121.93101999999999
1073,39.73173,-122.28294
1074,39.730259999999994,-122.28809
1075,39.73005,-122.28532
1076,39.82997,-122.04921000000002
1077,40.082229999999996,-123.06926999999999
1078,40.08376,-123.06953
1079,33.30122,-115.53408
1080,35.79118,-120.75313999999999
1081,36.22099,-118.30816999999999
1082,36.22074,-118.31493
1083,37.78002,-118.96321
1084,37.7798,-118.969
1085,37.78615,-118.96377
1086,37.78593,-118.96954
1087,38.03875,-122.5357
1088,39.76828,-120.61708
1089,39.72096,-121.93099
1090,39.83038,-122.04673999999999
1091,39.83015,-122.05094
1092,40.07413,-123.06768999999998
1093,40.0791,-123.06915
1094,40.08408,-123.07038
1095,32.64462,-114.79525
1096,39.768570000000004,-120.6167
1097,40.0842,-123.07188000000001
1098,40.08348,-123.06741000000001
1099,40.0802,-123.0683
1100,40.07693,-123.06916000000001
1101,40.076209999999996,-123.06472
1102,37.78537,-118.9678
1103,37.784209999999995,-118.96206000000001
1104,37.78165,-118.96896000000001
1105,37.78283,-118.97474
1106,37.881609999999995,-121.18361000000002
1107,38.00293,-121.93524
1108,37.36949,-119.1472
1109,37.45531,-121.93184
1110,37.31772,-122.09018
1111,37.18353,-121.67768999999998
1112,36.21991,-118.31136000000001
1113,36.21617,-118.31361000000001
1114,36.06105,-118.18528
1115,35.275459999999995,-119.47462
1116,34.62428,-117.10116000000001
1117,34.619820000000004,-117.1022
1118,34.60866,-117.33764
1119,32.64423,-114.89781
1120,33.65186,-116.99901000000001
1121,33.64983,-117.00601999999999
1122,33.649190000000004,-116.99956
1123,33.64712,-117.00658999999999
1124,33.653459999999995,-117.00935
1125,36.70415,-119.3335
1126,36.70448,-119.33563000000001
1127,39.82676,-122.04976
1128,39.829679999999996,-122.05193999999999
1129,32.64431,-114.89755
1130,32.53046,-116.70342
1131,32.53074,-116.69972
1132,32.530190000000005,-116.70693999999999
1133,33.3932,-117.31078000000001
1134,34.09505,-117.52808999999999
1135,34.09452,-117.53471
1136,34.09565,-117.53627
1137,34.280879999999996,-117.84321000000001
1138,34.28566,-117.84473
1139,34.283770000000004,-117.84541000000002
1140,36.218509999999995,-118.31053
1141,36.70712,-119.33086000000002
1142,36.70675,-119.33275
1143,36.97287,-119.97993000000001
1144,36.97552,-119.98338999999999
1145,37.563759999999995,-120.59756000000002
1146,37.78273,-118.97041999999999
1147,37.665240000000004,-121.34317
1148,39.769940000000005,-120.61395
1149,39.769020000000005,-120.61476
1150,39.826,-122.04853999999999
1151,39.830090000000006,-122.04919
1152,40.07292,-123.05945
1153,40.07609,-123.06693
1154,40.07545,-123.07298
1155,40.07994,-123.06788999999999
1156,40.08381,-123.06878999999999
1157,40.08766,-123.06981999999999
1158,40.0725,-123.06012
1159,40.075720000000004,-123.06755
1160,40.07958,-123.06857
1161,40.078959999999995,-123.07468999999999
1162,40.087309999999995,-123.07054
1163,39.99025,-121.04566000000001
1164,40.08672,-123.06942
1165,40.0831,-123.07042
1166,40.07948,-123.07143
1167,40.074529999999996,-123.06119
1168,40.07587,-123.07247
1169,40.0752,-123.06679
1170,39.83109,-122.04914
1171,39.82759,-122.0499
1172,39.82694,-122.04482
1173,38.30061,-122.74592
1174,38.15935,-122.5662
1175,38.071490000000004,-122.13708000000001
1176,38.003370000000004,-121.93222
1177,38.01337,-122.11193999999999
1178,38.01959,-122.23924
1179,37.94338,-122.39676999999999
1180,37.94275,-122.39195
1181,37.7538,-121.66221000000002
1182,37.452890000000004,-121.93109
1183,37.050540000000005,-120.04865
1184,37.31714,-122.09141000000001
1185,37.214420000000004,-121.89527
1186,37.21165,-121.90061000000001
1187,36.66357,-120.13371000000001
1188,36.28222,-120.14804
1189,34.62138,-117.10096999999999
1190,34.60634,-117.33596999999999
1191,34.3527,-116.85175
1192,34.56658,-118.15028999999998
1193,33.92111,-117.09103999999999
1194,33.92494,-117.09178999999999
1195,33.9243,-117.09742
1196,33.92302,-117.10862
1197,33.92691,-117.08858000000001
1198,33.9263,-117.09421
1199,35.57821,-119.26693
1200,35.92014,-119.28851
1201,35.91952,-119.29345
1202,35.971579999999996,-119.02863
1203,35.99929,-121.31233
1204,36.301759999999994,-119.61752
1205,36.46209,-119.59273999999999
1206,36.46148,-119.59766
1207,36.46501,-119.59834
1208,36.876,-119.98403
1209,37.16468,-120.25305
1210,37.55305,-120.63631000000001
1211,37.55712,-120.63226999999999
1212,38.22567,-121.51669
1213,38.22504,-121.52128
1214,38.225229999999996,-121.51993999999999
1215,38.22764,-121.55361
1216,38.26108,-122.43685
1217,38.71102,-121.60978999999999
1218,40.07293,-123.06018999999999
1219,40.076229999999995,-123.06107
1220,40.07558,-123.06558000000001
1221,40.074940000000005,-123.07005
1222,40.07824,-123.07091000000001
1223,40.08153,-123.07177
1224,40.08483,-123.07263
1225,40.08813,-123.07351000000001
1226,40.08903,-123.07517
1227,40.08395,-123.07048999999999
1228,40.08443,-123.07661999999999
1229,40.074259999999995,-123.06674
1230,40.07377,-123.06046
1231,38.00311,-121.93648999999999
1232,38.01447,-122.1124
1233,37.98434,-121.77748999999999
1234,38.004940000000005,-121.9332
1235,37.98573,-121.77961
1236,37.98148,-121.78017
1237,37.9418,-122.39268
1238,37.75666,-121.66127
1239,37.45469,-121.93056000000001
1240,37.18291,-121.6793
1241,36.46089,-119.59986
1242,36.062709999999996,-118.18316000000002
1243,35.5869,-119.2728
1244,34.62273,-117.10077
1245,34.81986,-118.75549
1246,34.60828,-117.33561999999999
1247,34.352540000000005,-116.85203999999999
1248,39.91683,-122.42342
1249,39.91902,-122.43021
1250,39.91072,-122.42703
1251,40.088770000000004,-123.07243000000001
1252,39.92067,-122.42696000000001
1253,39.91243,-122.42383999999998
1254,39.91458,-122.43061999999999
1255,40.08719,-123.0714
1256,40.08054,-123.07248999999999
1257,40.07635,-123.05905
1258,32.50665,-116.82153000000001
1259,32.506029999999996,-116.82558999999999
1260,32.50933,-116.82628999999999
1261,32.50993,-116.82223
1262,32.508720000000004,-116.83035
1263,32.51323,-116.82291000000001
1264,32.51262,-116.82696999999999
1265,34.0925,-117.53026000000001
1266,35.91491,-121.23188
1267,35.91753,-121.23761999999999
1268,35.921009999999995,-121.23855
1269,35.918,-121.23568
1270,35.92408,-121.24231999999999
1271,39.72567,-121.8756
1272,40.07209,-123.05292
1273,40.074670000000005,-123.05893
1274,40.074,-123.05543999999999
1275,40.08164,-123.07375
1276,40.085190000000004,-123.07457
1277,40.08873,-123.07543000000001
1278,40.86549,-120.16828999999998
1279,40.86526,-120.16418
1280,40.86007,-120.16473
1281,39.72379,-121.87758999999998
1282,38.06923,-122.13798999999999
1283,38.0174,-122.2385
1284,37.89455,-121.7625
1285,37.89544,-121.76308999999999
1286,37.59066,-121.08591000000001
1287,37.45261,-121.9318
1288,37.31706,-122.08946999999999
1289,37.18439,-121.67908
1290,35.273179999999996,-119.47751000000001
1291,34.62192,-117.09879
1292,34.60921,-117.33816000000002
1293,34.47998,-118.89448999999999
1294,34.33403,-118.51946000000001
1295,34.31987,-118.51149
1296,34.24119,-118.3808
1297,34.15272,-118.19476
1298,33.79504,-117.47618
1299,33.820190000000004,-118.24268000000001
1300,33.819140000000004,-118.24408999999999
1301,33.77838,-118.23018
1302,33.71713,-117.71036000000001
1303,33.61314,-117.82146000000002
1304,40.86273,-120.16551000000001
1305,40.08419,-123.07462
1306,39.72289,-121.87716
1307,36.629909999999995,-119.85168999999999
1308,39.135040000000004,-121.7109
1309,39.69965,-122.24197
1310,40.08784,-123.07676000000001
1311,41.49177,-122.39108999999999
1312,41.4907,-122.39587
1313,38.01126,-121.86753
1314,38.01119,-121.87682
1315,38.0118,-121.86876000000001
1316,38.01177,-121.87803999999998
1317,40.0763,-123.06466999999999
1318,40.09002,-123.07678
1319,40.07483,-123.06553000000001
1320,40.08862,-123.07826000000001
1321,41.48956,-122.39554
1322,38.480959999999996,-119.6133
1323,35.45175,-118.83424
1324,35.4515,-118.82893999999999
1325,35.45547,-118.83326000000001
1326,35.45519,-118.82798999999999
1327,34.62212,-117.09941
1328,34.60546,-117.33631000000001
1329,34.093109999999996,-117.52985
1330,32.51727,-116.36271
1331,40.08952,-123.07593
1332,40.08961,-123.07767
1333,40.07362,-123.0625
1334,37.979420000000005,-121.23045
1335,38.07206,-122.1393
1336,38.01466,-122.11377
1337,37.45498,-121.93332
1338,37.31819,-122.09341
1339,34.62154,-117.10245
1340,34.6105,-117.33758999999999
1341,32.60392,-115.5746
1342,32.60717,-115.58125
1343,32.44825,-116.89186000000001
1344,32.44681,-116.89806999999999
1345,32.44527,-116.90467
1346,32.45158,-116.89963999999999
1347,35.62082,-119.39147
1348,35.34912,-120.69736
1349,35.35044,-120.69238999999999
1350,36.75127,-119.03386
1351,36.75618,-119.03528999999999
1352,36.75114,-119.0354
1353,36.75613,-119.03653999999999
1354,36.72623,-119.62048999999999
1355,38.92719,-122.56911000000001
1356,39.72198,-121.9298
1357,39.6651,-122.20419
1358,39.656220000000005,-122.25836000000001
1359,39.65506,-122.26268
1360,39.66145,-122.26066000000002
1361,39.660270000000004,-122.26501
1362,39.6591,-122.26932
1363,39.73938,-122.03635
1364,39.73133,-122.28638000000001
1365,39.78782,-122.10036000000001
1366,39.73653,-122.28877
1367,39.90233,-122.17947
1368,32.44758,-116.9
1369,32.44337,-116.90338999999999
1370,32.450520000000004,-116.90382
1371,36.749179999999996,-119.02273000000001
1372,36.74882,-119.0355
1373,36.749,-119.02918999999999
1374,36.75558,-119.02943
1375,36.75535,-119.03753999999999
1376,39.73457,-122.28608999999999
1377,39.90075,-122.17934
1378,40.08866,-123.0758
1379,40.088429999999995,-123.08015
1380,40.089079999999996,-123.07911000000001
1381,34.60849,-117.34111999999999
1382,39.65703,-122.26155
1383,39.653620000000004,-122.26258999999999
1384,38.21544,-121.98637
1385,38.30167,-122.74893999999999
1386,37.88343,-121.18641000000001
1387,38.00425,-121.93233000000001
1388,37.75508,-121.65887
1389,37.75372,-121.73043
1390,37.45518,-121.92896
1391,36.748740000000005,-119.03225
1392,36.74776,-119.02771000000001
1393,36.74975,-119.03683000000001
1394,36.7468,-119.02333
1395,37.316559999999996,-122.09218999999999
1396,34.62321,-117.10201
1397,34.60901,-117.33678
1398,35.46283,-120.49643999999999
1399,35.46115,-120.49753
1400,35.46349,-120.49011000000002
1401,35.467659999999995,-120.50085
1402,36.0632,-119.22932
1403,36.74738,-119.02875
1404,36.74475,-119.03768000000001
1405,36.75178,-119.0369
1406,37.45148,-120.49543999999999
1407,37.44935,-120.50235
1408,37.4556,-120.50545
1409,37.45773,-120.49853999999999
1410,38.86913,-121.91176999999999
1411,38.8527,-121.96338
1412,39.53273,-119.89941
1413,32.51948,-116.78596
1414,34.09603,-117.53465
1415,36.0592,-119.22511000000002
1416,36.0638,-119.22646999999999
1417,36.74957,-119.02797
1418,36.74933,-119.03156000000001
1419,36.7491,-119.035
1420,36.7544,-119.03267
1421,36.75414,-119.03651
1422,37.32591,-121.70311000000001
1423,38.47422,-121.04448000000001
1424,38.47372,-121.05057
1425,38.47322,-121.0567
1426,38.47885,-121.04513999999999
1427,38.478359999999995,-121.05128
1428,38.47695,-121.04661000000002
1429,38.476490000000005,-121.05273000000001
1430,38.54075,-121.91637
1431,38.943490000000004,-121.55695
1432,39.59435,-121.83157
1433,39.59389,-121.83736
1434,39.66146,-122.26002
1435,39.66101,-122.26553
1436,39.665859999999995,-122.26064
1437,39.665409999999994,-122.26615
1438,39.742940000000004,-122.28563999999999
1439,39.89806,-122.1793
1440,39.9025,-122.17992
1441,39.59385,-121.83823000000001
1442,38.94338,-121.55788000000001
1443,38.48217,-119.61147
1444,38.161390000000004,-122.56428999999999
1445,38.07098,-122.13833999999999
1446,38.0031,-121.93458999999999
1447,37.88239,-121.18517
1448,38.01596,-122.1146
1449,38.01531,-122.11018
1450,38.020179999999996,-122.2375
1451,37.94489,-122.39555
1452,37.754909999999995,-121.65811000000001
1453,37.49025,-121.26064
1454,37.48957,-121.25632
1455,37.4883,-121.27006999999999
1456,37.487629999999996,-121.26575
1457,37.486959999999996,-121.26144
1458,37.486290000000004,-121.25713
1459,37.485009999999996,-121.27086000000001
1460,37.48434,-121.26656000000001
1461,37.48368,-121.26225
1462,37.483000000000004,-121.25795
1463,37.48106,-121.26737
1464,37.48039,-121.26307
1465,37.47972,-121.25877
1466,37.47643,-121.25957
1467,37.47576,-121.25527
1468,37.47375,-121.24235
1469,37.47315,-121.26038
1470,37.47181,-121.25175
1471,37.471140000000005,-121.24746999999999
1472,37.47047,-121.24315
1473,37.47248,-121.25607
1474,37.46785,-121.24828000000001
1475,37.46718,-121.24394
1476,37.49309,-121.99077
1477,37.45353,-121.9324
1478,37.31788,-122.09255
1479,36.75145,-119.03455
1480,37.18443,-121.67851999999999
1481,36.70238,-119.89053
1482,36.60785,-120.22143
1483,36.06258,-119.22334
1484,36.0592,-119.22424
1485,34.62252,-117.09881999999999
1486,34.60696,-117.33716000000001
1487,34.57655,-117.41956
1488,34.35333,-116.85207
1489,35.5771,-115.48828
1490,33.283359999999995,-115.51125
1491,33.30478,-115.53058999999999
1492,33.36159,-117.38985
1493,34.09345,-117.5341
1494,34.20033,-117.77345
1495,34.33336,-118.5201
1496,35.356809999999996,-118.97836000000001
1497,35.360659999999996,-118.97899
1498,35.444959999999995,-119.3074
1499,35.56876,-119.20591
1500,36.218270000000004,-118.31128000000001
1501,36.368840000000006,-119.25761000000001
1502,36.46539,-119.59505
1503,36.466029999999996,-119.58936000000001
1504,37.58644,-120.76777
1505,37.61472,-120.81088000000001
1506,37.880179999999996,-121.00822
1507,38.84843,-120.7607
1508,39.067440000000005,-122.11717
1509,39.59668,-121.83386999999999
1510,39.72096,-121.87747
1511,39.71817,-121.93031
1512,39.721709999999995,-121.93101999999999
1513,39.89914,-122.17873999999999
1514,40.16987,-122.15723
1515,40.16924,-122.16243
1516,39.65455,-122.1895
1517,39.59435,-121.83501000000001
1518,38.484970000000004,-119.60989
1519,38.00237,-121.9365
1520,37.88149,-121.18336000000001
1521,37.8825,-121.18356000000001
1522,37.94328,-122.39343999999998
1523,36.66446,-120.1319
1524,36.74774,-121.60471000000001
1525,36.50898,-119.82045
1526,36.50166,-119.79202
1527,36.49816,-119.79273
1528,36.464620000000004,-119.5921
1529,36.36707,-119.25893
1530,36.060140000000004,-119.22487
1531,35.57028,-119.2066
1532,34.62112,-117.09998
1533,34.81895,-118.74902
1534,34.60714,-117.33578
1535,34.354240000000004,-116.8532
1536,34.42946,-118.64433000000001
1537,34.33556,-118.51926999999999
1538,34.320409999999995,-118.50951
1539,34.14283,-117.42695
1540,34.24135,-118.38096000000002
1541,34.29298,-118.8035
1542,34.09487,-117.53018999999999
1543,34.09158,-117.53093
1544,34.15168,-118.19226
1545,32.516040000000004,-116.79106999999999
1546,33.37746,-117.40588000000001
1547,33.380790000000005,-117.40661999999999
1548,34.092490000000005,-117.52998000000001
1549,36.31738,-119.39888
1550,36.048320000000004,-121.19048000000001
1551,36.05166,-121.19125
1552,38.4815,-119.60799999999999
1553,38.484790000000004,-119.60876999999999
1554,39.27171,-121.68303999999999
1555,40.15317,-122.15156999999999
1556,39.656279999999995,-122.26876000000001
1557,37.157959999999996,-120.23043999999999
1558,37.159040000000005,-120.23025
1559,37.14526,-120.23211
1560,36.74702,-121.60685
1561,35.980129999999996,-119.21243999999999
1562,35.98061,-119.2174
1563,35.97585,-119.21308
1564,34.6213,-117.10068999999999
1565,34.60714,-117.33916
1566,34.42879,-118.64313999999999
1567,34.333059999999996,-118.52067
1568,34.31965,-118.51038
1569,34.14193,-117.42598000000001
1570,34.09326,-117.52738000000001
1571,34.09393,-117.53299999999999
1572,34.078559999999996,-117.50136
1573,34.15388,-118.1957
1574,33.791940000000004,-117.47378
1575,33.77701,-118.23685
1576,33.77635,-118.23082
1577,32.554590000000005,-116.87762
1578,39.65934,-122.26923000000001
1579,39.65404,-122.27277
1580,34.5512,-118.54691000000001
1581,35.25164,-118.75851000000002
1582,35.70175,-119.15568999999999
1583,36.06,-118.18535
1584,36.68797,-119.87359
1585,37.974509999999995,-122.21901000000001
1586,37.972590000000004,-122.221
1587,38.4458,-121.93417
1588,38.80529,-121.69518000000001
1589,38.83215,-121.72428000000001
1590,38.979209999999995,-121.48499
1591,38.91016,-121.98256
1592,38.90917,-121.97701
1593,39.40245,-121.00063
1594,39.30792,-121.63246000000001
1595,39.30668,-121.63858
1596,39.304809999999996,-121.633
1597,39.658359999999995,-122.27068
1598,39.73343,-122.20208999999998
1599,39.89864,-122.17921000000001
1600,39.90248,-122.18054
1601,40.1508,-122.14753999999999
1602,40.16605,-122.15286
1603,39.660790000000006,-122.27171000000001
1604,38.0689,-122.13906999999999
1605,36.846579999999996,-120.19198999999999
1606,36.846340000000005,-120.18658
1607,36.08272,-119.3024
1608,34.60505,-117.33411000000001
1609,34.430820000000004,-118.6433
1610,34.33384,-118.51878
1611,34.31742,-118.51328999999998
1612,34.29074,-118.80266999999999
1613,34.24033,-118.38193999999999
1614,34.15354,-118.19508
1615,34.153259999999996,-118.19126000000001
1616,34.09265,-117.53029
1617,34.04025,-117.82153000000001
1618,34.03606,-118.10526000000002
1619,33.85266,-118.33391999999999
1620,33.85238,-118.33013000000001
1621,33.81965,-118.24271
1622,33.77724,-118.23616000000001
1623,33.776709999999994,-118.22868999999999
1624,33.61132,-117.82273
1625,33.6128,-117.82198000000001
1626,32.596920000000004,-117.01337
1627,32.59729,-117.01298999999999
1628,37.88293,-121.18439
1629,38.01628,-122.1142
1630,37.61646,-120.71508
1631,37.94941,-122.39975
1632,36.85172,-120.18857
1633,37.315870000000004,-122.08939
1634,36.83123,-120.44558
1635,36.83013,-120.44138000000001
1636,36.74774,-121.60533000000001
1637,34.62415,-117.10145
1638,34.47755,-118.89181
1639,34.33662,-118.51766
1640,34.334720000000004,-118.52231
1641,34.1504,-118.19193999999999
1642,33.77722,-118.22675
1643,33.77786,-118.22962
1644,35.113040000000005,-118.59454
1645,35.10812,-118.6078
1646,35.116659999999996,-118.59206
1647,35.115320000000004,-118.59782
1648,35.12896,-118.60201
1649,35.89274,-119.44046000000002
1650,35.8928,-119.44223999999998
1651,36.67111,-119.38309
1652,36.76147,-119.46913
1653,36.92955,-121.71878000000001
1654,37.52445,-120.39871000000001
1655,38.48431,-119.60521999999999
1656,38.90994,-121.97826
1657,38.90902,-121.98186000000001
1658,39.03476,-121.79893
1659,39.180440000000004,-121.99931000000001
1660,39.90168,-122.18076
1661,41.8444,-121.30775
1662,36.66649,-119.38638999999999
1663,37.51774,-120.38315
1664,37.51755,-120.39036999999999
1665,37.524429999999995,-120.38346000000001
1666,37.52462,-120.37624
1667,37.52424,-120.39062
1668,37.52405,-120.39787
1669,37.5201,-120.38553999999999
1670,37.52025,-120.37836999999999
1671,37.51995,-120.39277
1672,37.51981,-120.39998999999999
1673,37.526790000000005,-120.38598
1674,37.52665,-120.39315
1675,37.52084,-120.38132
1676,37.72618,-121.82771000000001
1677,37.72533,-121.82835
1678,37.45333,-121.93068999999998
1679,37.18477,-121.67945
1680,36.67067,-119.38535
1681,36.7479,-120.56961000000001
1682,34.332370000000004,-118.5186
1683,34.33644,-118.51646000000001
1684,34.3316,-118.51803000000001
1685,34.15182,-118.19178000000001
1686,33.85355,-118.33211999999999
1687,33.82045,-118.24183000000001
1688,33.81804,-118.24366
1689,33.778290000000005,-118.23493
1690,33.77657,-118.22793
1691,33.61551,-117.82111
1692,33.6105,-117.82318000000001
1693,32.463440000000006,-116.91388
1694,32.46915,-116.91564
1695,34.25275,-117.85901000000001
1696,34.25183,-117.85947
1697,35.532959999999996,-115.45499
1698,35.57326,-115.48501999999999
1699,37.427690000000005,-121.10663999999998
1700,38.72245,-120.15336
1701,38.724140000000006,-120.14742
1702,32.436209999999996,-116.96667
1703,34.06889,-118.2298
1704,36.28625,-119.37186000000001
1705,36.286,-119.37613999999999
1706,36.833090000000006,-120.30521
1707,36.83335,-120.30135
1708,36.83383,-120.30533999999999
1709,36.83406,-120.30148999999999
1710,37.41892,-121.11176
1711,37.41874,-121.11248
1712,37.42923,-121.10628
1713,38.72418,-120.14841000000001
1714,38.72211,-120.14745
1715,40.73605,-122.32484
1716,38.722559999999994,-120.14461999999999
1717,38.720009999999995,-120.15002
1718,38.07028,-122.13808
1719,37.883109999999995,-121.18508
1720,38.02983,-122.09657
1721,38.00385,-121.93569
1722,38.01551,-122.11385
1723,38.01789,-122.23541000000002
1724,37.94912,-122.39968
1725,37.75484,-121.66116000000001
1726,37.57869,-121.04566000000001
1727,37.38879,-120.50188
1728,37.45552,-121.9317
1729,37.31762,-122.0915
1730,37.18188,-121.6778
1731,37.21195,-121.90083
1732,36.262640000000005,-119.62901000000001
1733,34.62158,-117.10247
1734,34.620670000000004,-117.09823999999999
1735,34.6078,-117.33492
1736,34.35218,-116.85529
1737,34.42796,-118.64549
1738,34.14058,-117.42761999999999
1739,34.33324,-118.52264
1740,34.33206,-118.51665
1741,34.318459999999995,-118.50837
1742,34.09394,-117.52875
1743,34.08996,-117.52991000000002
1744,34.24048,-118.37952
1745,34.29018,-118.80254
1746,34.15387,-118.19308000000001
1747,34.04072,-117.82023999999998
1748,34.03433,-118.10783
1749,33.791470000000004,-117.47558000000001
1750,33.85203,-118.33096
1751,33.71331,-117.71165
1752,33.774390000000004,-118.22958
1753,33.61427,-117.82382
1754,32.77297,-114.34338000000001
1755,33.20779,-115.48727
1756,32.49966,-116.77718999999999
1757,32.499190000000006,-116.78245
1758,32.73745,-114.34161
1759,32.735240000000005,-114.3397
1760,33.41809,-117.4865
1761,33.42255,-117.48718999999998
1762,33.422059999999995,-117.49238999999999
1763,33.42416,-117.48947
1764,34.33526,-118.51775
1765,35.01992,-118.92448999999999
1766,35.02412,-118.925
1767,35.713229999999996,-119.19566
1768,35.9561,-119.1599
1769,35.98402,-121.28353
1770,35.98339,-121.28908
1771,35.987770000000005,-121.28416000000001
1772,35.987140000000004,-121.28975
1773,37.613890000000005,-120.80386000000001
1774,38.227270000000004,-121.47358
1775,38.71848,-120.14782
1776,38.72083,-120.14758
1777,38.720420000000004,-120.15202
1778,38.7266,-120.1305
1779,38.72617,-120.13503
1780,38.69836,-121.56278999999999
1781,38.70282,-121.55746
1782,38.70218,-121.56346
1783,38.84983,-121.96422
1784,38.85031,-121.96043
1785,38.84968,-121.96628
1786,38.870470000000005,-121.80904
1787,39.0708,-121.87083
1788,39.07458,-121.87149
1789,39.07008,-121.87151000000001
1790,39.073859999999996,-121.87218
1791,39.27066,-121.68378999999999
1792,39.27449,-121.68446000000002
1793,39.66578,-122.26375
1794,39.66512,-122.26955
1795,39.666109999999996,-122.26579
1796,39.665490000000005,-122.27163
